날짜,제목
2021.05.13,전반적인 코인 장세 분석
2021.05.05,주식 존버 10년
2021.05.04,요즘은 수익인증이 별로 없으시네요 ~
2021.05.04,지금 상황 잘 판단하셔야 할것 같아요
2021.05.03,(퍼옴)(정보) 업비트 코인 집대성 엑셀파일 완성
2021.05.03,퍼옴 업비트 상장 코인 전체 조사
2021.05.03,차트로 매매 하시는분들 참고하세요.
2021.05.03,몇몇 단타 하시는분들 참고가 될까해서 몇자 적어 ...
2021.05.02,주말 다들 잘보내셨는지요?
2021.05.01,얼마전 폭락장에 멘탈 잡아드리지 못해 죄송합니다
2021.05.01,다들 즐거운 주말 보내고 계신지요?
2021.04.29,더듬당엔 정신병자만 있는게 확실
2021.04.29,대 상승장 예측합니다.
2021.04.29,악재는 이제 다 드러난거 같네요.
2021.04.29,후방의 민족님. 머니넷좋아님께
2021.04.29,yo님
2021.04.29,머니넷 회원님들과 머니넷 좋아님 보세요
2021.04.29,그동안 많은 일들이 있었네요.
2021.04.28,지금 상황이
2021.04.27,예전엔 게시판 글 엄청 많았는데...
2021.04.27,퍼옴 가상화폐 세금 이건 꼭 알아두세요.
2021.04.26,저녁 비트 분석
2021.04.26,도움 받을 분들을 위해
2021.04.26,뚫었네요 ~
2021.04.26,대장 차트
2021.04.25,호재 은성수 금융경제 기획 위원장 자진사퇴청원 1...
2021.04.25,대장 현 차트
2021.04.25,술많이 먹고있습니다
2021.04.24,조정 마무리 즈음인듯한데...
2021.04.24,정치권놈들
2021.04.24,태클 거는사람들한테
2021.04.24,추매에 대해서
2021.04.23,지금 상황만 간단히 적어보구요
2021.04.23,몰빵의 위험성과 하락장의 위험성
2021.04.23,불황은 또한 기회다. -워렌 버핏
2021.04.23,업비트 삭제
2021.04.23,오랜시간
2021.04.23,웃기는정부
2021.04.22,김프빠지는데 대하락이라하는사람들 얼척이엄다
2021.04.21,(펌)코인 가격을 결정 짓는 요인들
2021.04.20,술많이 먹었습니다
2021.04.20,향후 횡보속 세력주도장이 되지않을까 싶네요
2021.04.20,물리신분들 이거보고 힘냅시다
2021.04.20,야동을 보며
2021.04.20,추세기반 피보나치와 비트코인
2021.04.19,아는행님 찬스
2021.04.19,4월 19일 리플 vs SEC 소송 일반 투자자 참여 해설...
2021.04.19,전합니다~
2021.04.18,이게 머선 129
2021.04.16,도지
2021.04.16,btt 19일 주목
2021.04.15,끄지라
2021.04.13,다들 많이 부러워하시는데 많이 부서지고 깨지고 ...
2021.04.13,장이 참 애매하죠? 그리고 서로 상호 비방하지 말아요
2021.04.12,고인물이 보는 현 상황 해결법
2021.04.12,코베 상장코인50개 정도중에 1조시총 미만의 코인들...
2021.04.12,트론 풀매수 (bye)
2021.04.11,역전
2021.04.11,아 정권교체가답입니다
2021.04.09,게시판에
2021.04.09,다행히 지지선에서 반등을 해주며 안정을 찾았네요
2021.04.08,오늘 추가하락은 빗썸이 원인인듯
2021.04.07,여기서 의견이 분분하죠
2021.04.07,다들 걱정 많으시죠?
2021.04.07,비토 풀매수 타이밍 나왔다
2021.04.07,메이져 알트 키 맞추기 들어갔네요.
2021.04.06,다들 행복에 겨워하는게 눈에 선하네요.
2021.04.05,다들 행복하시죠?
2021.04.05,지금 우리가 조심해야 할 사항
2021.04.04,btt 호가 변경
2021.04.03,비트토렌트에 대한 개인생각
2021.04.01,코린이 여러분 그동안 고생 많으셨어요.
2021.04.01,4월 코인...
2021.04.01,비트가 계속된 호재로 힘을 내고 있네요.
2021.04.01,이제 4월!
2021.03.31,"부리형, 안개형"
2021.03.30,SANDBOX
2021.03.29,다행히 제 생각데로 비트가 바닥 다지고 다시 상방...
2021.03.29,어제 제가 추천드린 클레이 3대장 매수하신분 축하...
2021.03.29,샌드박스 투자자 필독
2021.03.29,머니넷 3대장
2021.03.28,비트가 봄날 새싹처럼 다시 피어오르고 있네요
2021.03.27,코인 참 어렵죠?
2021.03.25,각종 퍼드 나오는거 보니 거의 바닥인듯 하네요
2021.03.24,머스크 트위터
2021.03.23,비트코인캐시 분석
2021.03.22,저 때문에 눈물 흘리는 코린이를 찾습니다
2021.03.20,미국 개미들도 잡코만 건드리는거 같네요
2021.03.18,Fomc 결과도 좋게나오고 미개미들 들어올 시점입니다
2021.03.18,리스크 코인
2021.03.17,놓친부분 없나 체크 중
2021.03.17,비캐분석글 잠시 안올렸었습니다.
2021.03.16,아버지의 생각
2021.03.15,엘리어트 파동으로 본 단기 분석
2021.03.15,"[노하우] 바닥짚기, 추세전환, 거래량"
2021.03.14,차트로 보는 펀디엑스
2021.03.14,마지막 인사 드립니다
2021.03.13,예상보다 빠르게 전고를 뚫었네요
2021.03.13,오늘도 나의 의견이 궁금한가
2021.03.12,상승장 다가오니 좋은글들 많이 보이네요
2021.03.12,비트코인 주간전망
2021.03.12,혹시 나의 의견이 궁금한 사람이 있는가
2021.03.11,대폭락장이 나타난다면
2021.03.11,비트코인 혹시 조정 범위
2021.03.10,상승장 시작되었네요.
2021.03.09,다행히 좋은 흐름 나와주고 있네요
2021.03.09,머니넷 회원님들 힘내시고 이번 사이클을 즐겨보세요~!
2021.03.07,자... 또한번 달려볼까요?
2021.03.06,미국 파월의 발언으로 잠시 주춤했던 코인이 바닥...
2021.03.05,미국채 금리 상승과 비트코인의 가격(펌)
2021.03.03,비트가 다시 힘을 내주고 있네요.
2021.03.03,구걸의 실체
2021.03.02,현재시간 3월2일 새벽 2:30
2021.03.02,2분기를 주도할 코인들
2021.03.01,다들 걱정이 많으리라봅니다
2021.02.26,지금상황이 좀
2021.02.26,리딩이냐고 묻는분께 안타까워 한마디 써봅니다.
2021.02.25,다들 지금 초조해 하시는거 같아 몇자 적어봅니다
2021.02.24,구걸글 쓰는 최문선씨의 실체
2021.02.24,26일 오후부터 가능하면들어가길
2021.02.23,4년차 눈치밥 코린이 생각
2021.02.23,다들 위기 관리 못하고 존버 한다는 사람들이 많은...
2021.02.22,다들 멘탈 많이 흔들리나봐요
2021.02.21,멘탈 잡아준다!!!!
2021.02.20,이더 vs 비캐
2021.02.20,3개월간 암호화폐 투자 후기
2021.02.20,코인의 미래와 현상황(긴글주의)
2021.02.20,지금 하락장에 놀랐을 코린이에게
2021.02.20,밤새 못 주무셨을 코린이들 보세요.
2021.02.19,다행히 흐름이 나와주고 있네요
2021.02.19,오늘까지는 비트가 말아 올릴거로 보이며 알트는 내...
2021.02.19,다들 놀라고 계시죠?
2021.02.19,제 예상대로 메이져로 매기가 쏠립니다
2021.02.18,오늘 무지 아래위로 흔드네요
2021.02.18,지금 차익실현 할가말까 망설이는 분 리스크 관리 ...
2021.02.18,오늘도 코인들은 힘차게 달리네요
2021.02.17,2월17일자 비캐분석 2탄
2021.02.17,모든 지표가 상승을 가리키고 있네요
2021.02.17,현재까지는 예상데로 잘 흘러가네요
2021.02.17,조만간 알트 급등장 예상됩니다
2021.02.17,비트가 5만불 달성하고도 밀리지 않는거 보니 매수 ...
2021.02.17,2월17일자 비캐분석
2021.02.16,커뮤니티 분위기가 불장 한번오고나니 밝아졌네요.
2021.02.16,2월16일자 비캐분석
2021.02.15,2월15일자 비캐분석 3탄 최종정리
2021.02.15,2월15일자 비캐분석 2탄
2021.02.15,불안하신분들께 오랫만에 글올립니다.
2021.02.15,조만간 황사 머니 유입이 시작될거로 보이네요
2021.02.15,다들 설연휴 잘 보내셨는지요?
2021.02.14,1억
2021.02.14,2월14일자 비캐분석
2021.02.13,비캐에대한 소소한 분석
2021.02.13,다들 명절 잘 보내셨는지?
2021.02.12,주식과 평등하게 과세 청원동의
2021.02.11,내일이 구정 명절인데 다들 잘 보내고 있는지요?
2021.02.11,ㅋㅋㅋㅋ 이게 나란가?
2021.02.10,스텔라 안가는 이유 그러나 결국 폭등예상
2021.02.09,앞으로올 불장에서 지켜야할것
2021.02.09,현 시점에서 차익실현 하실분과 리스크 관리 하실...
2021.02.09,일론 머스크가 트리거가 됐네요
2021.02.08,주말 동안 40000을 뚫었지만 아직은 힘이 딸리네요
2021.02.06,40000을 부지런히 두드리고 있네요
2021.02.06,드디어 비트가 의미 있는 시세를 분출하려합니다
2021.02.05,비트 3800의 저항이 만만치 않네요.
2021.02.03,지금 장은 횡보정도라 보면 될거 같네요
2021.02.02,리플로 수익 내신분들 축하드리고요.
2021.02.01,많이 혼란스러우시죠?
2021.01.30,중국 춘절과 한국 설이 관건이긴하네요
2021.01.30,다행히 좋은 방향으로 매물대를 한번에 뚫어 주네요
2021.01.29,"(펌)세계 최대 헤지펀드 회장, 비트코인 상세 분석 ..."
2021.01.28,다들 멘탈이 흔들릴 정도로 하락하니 심란하시죠?
2021.01.27,상승 세력과 하락을 지지 하는 세력들의 싸움이 치...
2021.01.26,운영자님 “머니넷좋아”님의 글은 이 게시판의 가치...
2021.01.26,코인할때 필요한 덕목 3가지
2021.01.26,머니넷 관리자께서는 꼭 필독해 주세요
2021.01.25,운영자 양반
2021.01.25,신고가 접수되어 임시 블라인드 처리가 되었습니다.
2021.01.25,4년차도 코린이라면서 겸손해 하시는분 당신은 코...
2021.01.23,눈쌀 찌푸려 지는 글들
2021.01.23,코인 투자시 유의 할점 몇가지 팁 드릴려고 합니다
2021.01.23,신고가 접수되어 임시 블라인드 처리가 되었습니다.
2021.01.22,다들 심란하실거 같아 몇가지 희망적인 소식 드릴...
2021.01.21,제 글에 반응이 많은점 감사드립니다
2021.01.21,이것만 지켜도 자산은 지킨다
2021.01.21,당분간은 매매를 자제하는게 나을듯 합니다
2021.01.19,다들 초조해 하시는분들게
2021.01.14,코린이 여러분 초조하시죠? 보니 온갖 차트에 불...
2021.01.13,영정 먹음
2021.01.12,코린이 분들 몇가지만 팁 드릴게요
2021.01.11,떨어지는 근본적인 이유
2021.01.11,어제 오늘 폭락장에 당황하셨을 코린이분들게
2021.01.11,(펌)테더 리스크에 대해서 알아보자.txt
2021.01.11,월요일부터 정신 없을겁니다. 일희 일비 하지 마시길
2021.01.10,비트의 조정으로 알트가 한단계 레벨업 되었죠?
2021.01.08,주말동안 45000갈거 같네요
2021.01.08,다들 홀딩 하고 계시는지 장이 어렵죠?
2021.01.08,생각보다 빠르게 4만을 돌파했네요.
2021.01.07,멘탈 잘 잡으시고 목표가 설정하고 근처오면 차익 ...
2021.01.06,코인 순위 참고하세요. 이외 잡코인 쳐다보지 마세요
2021.01.06,언제 그랬냐 비웃듯 다시 원상태로 복구 되었네요
2021.01.06,비트가 복구력이 상당하네요
2021.01.05,지금 마진거래소등 각종 퍼드로 하락장 운운하는데
2021.01.05,간밤에 맘졸여 잠 못 주무시는분들께
2021.01.04,지금 손절은 의미 없으니 쳐다보지 마시고 그냥 무...
2021.01.04,긴 연휴 잘 보내셨는지요?
2021.01.03,장투로 고생분들 축하드립니다
2021.01.03,비트가 잠시 숨고르기 들어갔으니 점심 먹고 알트...
2021.01.02,신축년 새해 황소처럼 달려라
2020.12.31,올한해 다들 고생하셨어요
2020.12.29,여유 자금 있으신분은 이번조정에 매수해도 괜찮을듯
2020.12.29,올 년말 기쁨을 주고 마감할지
2020.12.27,알트시즌에 대한 견해~~
2020.12.27,또 언론이 떠들고 난리네요.
2020.12.25,메리 크리스마스 즐거운 성탄 보내세요.
2020.12.22,다들 많이 놀라신거 같네요.
2020.12.20,다 들 즐거운 주말 보내시고 계신가요?
2020.12.17,희망적인 분위기가 도래하니 게시판도 좋은 이야기 ...
2020.12.16,"(장기적으로) 비트, 리플은 계속 상승 할 수 밖에 ..."
2020.12.15,머니넷 공식 장애우 부커를 모르시는 분들을 위한 자료
2020.12.12,다들 불안 해 하시는거 같아 몇마디 드릴까 합니다
2020.12.11,리플 가격 예상 (ex 이더리움) 마진 비율 배팅
2020.12.09,안녕하세요.
2020.12.04,다들 급등장 급락장만 보다가 횡보하니 지루하시죠
2020.12.01,주말은 잘보내셨는지요?
2020.11.27,다들 걱정이 많으신거 같아 몇자 적어 봅니다.
2020.11.24,요즘 자주 글을 쓰게 되네요.
2020.11.23,여러분도 하실수 있어요
2020.11.23,지난 주말사이 많은일이 일어났네요.
2020.11.21,날씨는 많이 쌀쌀한데 비트는 후끈하죠?
2020.11.18,잘들 지내시는지요?
2020.11.05,다들 기쁘시죠?
2020.11.03,안녕하세요. 며칠 하락한다고 다들 난리네요.
2020.11.01,국밥먹고 한줄 써본다 암호화폐의 미래
2020.10.28,비트는 차질없이 순항하고 있네요.
2020.10.25,날씨도 좋고 비트도 씩씩하게 잘 나가네요
2020.10.21,역사는 반복된다. 이 말이 맞는거 같아요
2020.10.20,다들 고민할 시점이 다가오고 있네요
2020.10.19,머니넷 회원님들께
2020.10.17,남의 부모님 욕하는 인간의 최후는? 그러다 진짜 죽...
2020.10.14,어이
2020.10.13,다들 흐믓해 하실거 생각하니 기분이 좋네요.
2020.10.12,즐거운 연휴 보냈으리라 봅니다
2020.10.10,모처럼 즐거운 시간 보내실 분들에게
2020.10.09,안녕하세요. 다들 잘 지내시는지?
2020.10.06,연휴 다행히 상승 흐름이 나오네요.
2020.10.05,킹부커
2020.10.04,마지막 연휴 마무리 잘하셨는지?
2020.10.03,나도 아가리질좀 해봐야겠다
2020.10.02,뜻밖의 사태에 당황하셨죠?
2020.09.28,사실만 놓고 보면 그렇습니다.
2020.09.18,연속 적중! 실력 인증 합니다
2020.09.07,부커 근황
2020.09.06,비트코인 cme갭 알려드려요
2020.08.26,국민들이 의사 파업에 동의하기 힘든이유
2020.08.22,머니넷 네임드 정리
2020.08.17,머니넷 관리자 분께.
2020.08.08,비트코인 단기 예상
2020.08.07,형들 고마워
2020.08.07,형들 나 사토시
2020.08.04,게시판에 물의를 일으켜 죄송합니다.
2020.08.03,어.. 나도 아닌데?
2020.08.01,1인2역 자칭 양방향 트레이더 아수라백작
2020.07.31,부고 소식
2020.07.31,제발 좀 개념은 가지고 얘기합시다
2020.07.27,우리나라 경제가 더 안좋아지는 이유
2020.07.22,가상화폐 과세 될 시기 정도면
2020.06.24,증세정책을 그렇게 욕하더니
2020.06.22,문재앙 쓰레기놈
2020.06.13,[1편] 거래소 직원이 보는 코인시장 (펌)
2020.06.10,진정한 스캠은 문재앙이다.
2020.06.04,지금 현재 상황 정리
2020.05.25,위안부 할머니 한분이 토착왜구가 되셨습니다 ㅋㅋㅋ
2020.05.17,한국을 제일 깔보는 나라
2020.05.15,5월 15일 비트코인 분석
2020.05.14,5월 14일 비트코인
2020.05.10,왜 이렇게 이번 정부 가지고 싸우지..
2020.05.09,당신이 오늘 당장 비트코인을 팔아야하는 이유(펌)
2020.05.09,나 정치글 올리고 감옥 갔다올께
2020.05.08,과거 반감기는 어땠을까
2020.05.07,고점과 저점을 높혀가는 과매수 영역의 시장
2020.05.06,감사합니다.
2020.05.04,죄송합니다
2020.04.29,지금 해야될 일
2020.04.27,정의는 승리한다
2020.04.22,여러분 공중변소 라고 생각하고 이용해주세요
2020.04.20,모두에게 사랑받게 더 열심히 활동하겠다.. 오케이??
2020.04.16,민주당 압승
2020.04.15,모두들 투표하고 코인질 하자.. 오케이?
2020.04.13,먼저 떠나는 한 코인러의 마지막 인사말..
2020.04.13,오케이 드립 진짜 개노잼이네 그만해라
2020.04.08,저녁 브리핑
2020.04.07,저녁 브리핑
2020.04.07,최근 장으로 비트 120개 달성
2020.04.07,(인생꿀팁) 야들아 코인도 좋지만 청약들해라
2020.04.04,킹부커와 $욱 동일 인물로 생각하는지에 대한 투표!!
2020.04.02,점심 브리핑
2020.04.02,모닝 브리핑
2020.03.25,내가 하는 거래방법
2020.03.23,미증시 폭락과 비트코인 수백억 시나리오...
2020.03.21,법정화폐를 버려야 하는 이유
2020.03.19,비트코인 달러 교환 용도로 사용 가능성
2020.03.17,장펑자오가 말하는 비트코인 0원되는날
2020.03.16,앞으로의 2020년 모습
2020.03.16,비트코인 바닥은 어디일까? 차트분석 (장문주의)
2020.03.14,이 글을 본 당신은
2020.03.14,예언가 비트동향 브리핑 7k기준
2020.03.13,자랑스러운 대한민국
2020.03.12,역대 하락장 조정장 비교 (펌)
2020.03.11,"음모론 역사상 최고의 거품경제 , 그리고 비트코인"
2020.03.11,렙틸 활동 안하는거보니
2020.03.09,마스크마저 짜고치는 개라석들
2020.03.08,반감기 빅뱅 터질 가능성
2020.03.06,한국은 코로나 사실상 전국이 간염된듯
2020.03.06,이런 버러지 같은놈들을 친구라며..
2020.03.05,좀 섭섭하네
2020.03.05,우리 모두 기생충이 되었다.
2020.03.04,세계 경제가 진짜 ㅈ된게
2020.03.03,"다우, 나스닥, S&P500, 비트코인 모두 같은 움직임"
2020.03.03,거래소에서 전화오면 무조건 출금부터해라
2020.03.03,"업비트 가두리, 프리미엄 정리."
2020.03.02,코인이 2억에서 2천될 때 내 곁을 지켜준 여자친구.
2020.03.02,"""코로나 불황, 금융위기로 번질 수 있다""..."
2020.03.02,시총 100위권+@ 대충 개인평(지극히 개인적) 1편 (펌)
2020.03.02,필독) 문슬람 댓글공작 저격
2020.03.02,문재인 대통령님의 탄핵을 막아야 합니다
2020.03.01,차이나게이트 실체 드러나죠~
2020.03.01,정치글 쓰지말라는 인간들 특징
2020.02.29,정치글좀 쓰지말라고요
2020.02.29,방역도 입으로만 한것인가??
2020.02.29,[안혜리의 시선] 나라 전체가 세월호다
2020.02.28,와 머니넷에도 조선족이 많았나보네
2020.02.28,리플은 2026년부터 시작이다 지루하지만 참고 존버...
2020.02.28,지금이 비트 상승세인이유 (마지막으로 언급하고 이...
2020.02.28,지루한 글 2탄: 장기 투자가 아니라 노름하러 온 사...
2020.02.26,베스트게시판이 이게 뭡니까
2020.02.26,테조스 홍보까지는 바줄만했다
2020.02.26,문재인 대통령의 탄핵 청원 게시판입니다.
2020.02.26,"쓸데없지만 단기파동(비트코인, 비캐)"
2020.02.26,허허허 여러분 그동안 즐거웠습다 촵촵촵
2020.02.25,문제인 탄핵되나요
2020.02.25,트뷰]이제 600일동안 불장온다.
2020.02.24,중국. 한국인 입국시 격리 ㅋㅋ
2020.02.24,비캐 및 비트코인 반감기 개인 시나리오
2020.02.24,비트코인 반감기. 가격과 해시레이트
2020.02.23,대게문시바새끼
2020.02.23,알트코인 투자 주의사항
2020.02.23,운영자한테 상담받았다. 정치얘기 경고없이 정지시...
2020.02.23,렙틸 및 신천지 환자 탈퇴시켜야 하는거 아님?
2020.02.22,렙틸 신천지같다. 조심하자.
2020.02.22,신천지를 희생량으로 이용하는거 같아 보인는데..ㅋㅋ
2020.02.22,앙이와 앙슬람들이 정상이 아닌 EU.
2020.02.22,대만짱게한테 역관광 당한거 개웃기네 ㅋㅋㅋㅋ
2020.02.20,신고가 접수되어 임시 블라인드 처리가 되었습니다.
2020.02.17,나 스스로 그 동안 너무 고생많았다. 좀 쉬련다 이...
2020.02.15,이더리움 40만원 접근중
2020.02.13,혼란을 예고한 암호화폐 세금부과 그 대안은?
2020.02.12,"월가의 등장, 2020년 암호화폐 시장이 심상찮다"
2020.02.11,비트코인이 1만불을 넘긴 힘
2020.02.10,"[단독,최초공개]나카모토 사토시 정체에대해 알려준다."
2020.02.09,요새같은 불장에 대처하는 방법 (Feat 펌)
2020.02.06,문재인 선거개입 논란
2020.02.06,공유) 경주마 찾는법
2020.02.05,암호화폐 대상승 시작된다. (마법의 법칙)
2020.02.04,문재인이 이제와서 이런말하는 이유가 뭐냐?
2020.02.03,웬만하면......
2020.02.03,핫산)비트코인 시작하는 만화 ~4
2020.02.02,2012년 부터 본 비트코인 가격
2020.02.02,"찰스, 에이다 가격 폭락하겠지만 기술력은 최고수준..."
2020.02.02,자유한국당이 잡으면 비트코인 김프 40프로 다시볼...
2020.02.01,앙이와 앙슬람들의 가짜뉴스 살포때문에 나라가 망한다
2020.02.01,foo 방치 이유가 궁금 합니다
2020.01.31,문재인 대통령님 사랑합니다
2020.01.31,2차감염 절대 없다더니 바로 2차감염자 발생 ㅋㅋ
2020.01.31,[Reptilian] 리플 20만원 공책에 10번 씁니다. 오케이?
2020.01.24,대꺠문의 반댓말
2020.01.23,문재인 지지자가 쓴 글
2020.01.22,★헌법재판소 위헌 결정 나버리면★
2020.01.21,문재인 관련 네이버 뉴스에 머니넷 등장 ㅋㅋ
2020.01.21,비트코인 캐시에 주목할 때.
2020.01.20,"가상화폐 손해봐도 세금 , 정부방침 논란"
2020.01.20,세금 미쳤누 ㅋㅋ
2020.01.19,3차와 4차를 이해하는데는 급이 다른다.
2020.01.17,신고가 접수되어 임시 블라인드 처리가 되었습니다.
2020.01.16,코인관련 매우매우 중요한 뉴스
2020.01.15,SV가 이끈 상승장. 해시는 어떨까.
2020.01.14,비트가 오르는 이유라 생각되는 것들
2020.01.08,투표하겠 읍니다.
2020.01.07,지금장은 무조건 타면 번다
2019.12.30,나는 정치색이 딱 중간입장이긴한데 문정부가 못하...
2019.12.17,2014 ~2016년
2019.12.15,이미 정상적인 시장이 아님
2019.12.04,검찰 청와대 비서실 압수수색
2019.11.25,내가 보는 현재의 BTC 매수시점 정확하게 팩트전달.
2019.11.21,[종합] 특금법 소위 통과 “4대 거래소 외 실명계좌...
2019.11.18,펌글) 세계경제위기와 암호화폐의 미래는?
2019.11.13,비트코인으로 7억벌었습니다. 내일 수능 포기합니다
2019.11.12,삼성이 암호화폐중에서 트론을 왜 선택했을까?
2019.11.05,과거 리플 스웰 전후 가격변동
2019.11.02,[속보] 중국 가상화폐거래소 승인됐다!!!!!
2019.10.28,신고가 접수되어 임시 블라인드 처리가 되었습니다.
2019.10.27,대깨문 해골들 갑자기 설치기 시작하는게
2019.10.26,가상화폐와 중국정부
2019.10.26,언어순화가 필요한것 같아요
2019.10.25,'조국 수사팀'이 직접 유시민 수사 나섰다
2019.10.25,신고가 접수되어 임시 블라인드 처리가 되었습니다.
2019.10.24,신고가 접수되어 임시 블라인드 처리가 되었습니다.
2019.10.21,님들 혈세 여기로 다 빠지는중ㅋㅋㅋ
2019.10.19,촉이왔다 형이장담한다
2019.10.15,역사는 반복된다 비트로 돈벌고 싶으면 클릭
2019.10.08,전고점 돌파까지 1년정도 남았습니다
2019.10.07,신고가 접수되어 임시 블라인드 처리가 되었습니다.
2019.10.06,"비트코인,아마존,마이크로소프트 차트비교 (희망)"
2019.10.01,10월1일 BTC 브리핑
2019.09.28,벡트 런칭했는데 3k ????
2019.09.25,비트코인 2017년과 매우 유사한 패턴
2019.09.18,현재의 비트 상태
2019.09.17,돈은 이렇게 쓰는거야 ㅋㅋ
2019.09.14,가상화폐 하락 정부탓 하지말라는 빡대갈들이 싫어...
2019.09.11,분기별로 나눈 비트코인 상승시점
2019.09.10,지금 네이버 실검 1위. ㅋㅋㅋ
2019.09.08,2019연말~2020년 중순까지 하루에 50%이상 상승할수...
2019.09.03,조국 “사모펀드 뭔지 몰랐다…5촌 조카 얘기듣고 맡...
2019.09.02,너무 힘들어들 하지마세요 웃으세요
2019.08.28,거시적관점에서 글 하나 올립니다. (퍼옴)
2019.08.27,와이즈 레이팅(Weiss Ratings) : 비트코인보다 기술...
2019.08.26,요즘 레딧에 돌고 있는 비트코인 떡락 시나리오.
2019.08.26,내년이 비트가 상승하기 너무 좋은 시기인 이유
2019.08.26,이제는 정말 얼마 남지 않았다. (펌)
2019.08.23,비트코인은 사기 도박판이라고 개소리할때 부터 알...
2019.08.23,마진을 접을까 합니다
2019.08.23,보조지표 CCI 에 대하여 ARABOZI?
2019.08.23,쌍봉낙타 다시 출현! 폭락의 징조일까
2019.08.22,해외 비트코인 차트분석가 차트 번역
2019.08.21,코인과는 상관없긴한데 너무 공감되서그만..가져옴
2019.08.21,서울대 출신 여의도 금융인이 바라본 한국경제 전망
2019.08.19,전업 암호화폐 트레이더가 꿈이시라구요?
2019.08.19,"사토시 나카모토, 비트코인 개발 배경 밝혔다.. 3단..."
2019.08.17,자신이 비트보다 알트를 한다면?매매의 기준잡기.펌
2019.08.15,문정부 실세들 ‘가상화폐 고점에서 팔아 떼돈 번 이...
2019.08.15,가상화폐가 상승할수 밖에 없는 이유
2019.08.14,이번 비트코인 하락이 상당히 의도적인 이유
2019.08.13,+ 추가 숏 하락관점 프랙탈 부분입니다.
2019.08.12,"펌] 스압, 요약있음) 일본 경제상황 관련해서"
2019.08.11,비트코인에 대한 잡다한 팁공유
2019.08.10,아파트 현관문 속도조절 하는방법
2019.08.09,2년반동안의 비트 정리.. (펌)
2019.08.08,솔직히 하루하루가 너무 힘들다
2019.08.08,"$11,500 받고 사선 대상승 예상"
2019.08.06,서울대아재가 말해주는 한국경제 둔화이유
2019.08.05,경제가 안좋아도 서민은 거기서 거기
2019.08.04,"리플, 이더 대비 주봉"
2019.08.04,리플 굳이 월 10억개인 이유
2019.08.03,무서운 10대들 jpg.
2019.08.03,여기는 청정지역이다
2019.08.02,문득문득
2019.08.02,한국에서 발빼는 일본 기업들 - 실업률 증가 가속화
2019.08.01,[차트공부] 피보나치선과 되돌림 비율은 무엇일까?
2019.08.01,리플이 거진 3개월동안 안오른 이유가 있었네
2019.08.01,4월 1일 만우절 전후랑 굉장히 비슷한 움직임이 포...
2019.07.30,길게 보는 안목을 갖자.
2019.07.30,신고가 접수되어 임시 블라인드 처리가 되었습니다.
2019.07.28,"美 최고 보수 씽크탱크 ""암호화폐 금지? 자동..."
2019.07.25,유투버 보람튜브 때문에 박탈감을...국민청원
2019.07.25,영화 베테랑이 엄청난 현실고증영화였음..;;
2019.07.24,저스틴선 샌프란시스코에 있다 퍼드에 속지마라
2019.07.23,앞으로의 코인시장 가격방향 알려줘??
2019.07.23,마진이 위험한 이유
2019.07.22,무역전쟁의 배경
2019.07.22,이번주 좀 정신없고 다이내믹한 한주가 될듯
2019.07.21,현재 상승추세 맞다고봄
2019.07.20,현재 비트 어센딩 수렴. 상승 예상해봅니다
2019.07.20,"美 기술전략가 ""비트코인 2만달러 갈 것…8천달..."
2019.07.19,비트코인 주말 상승각 나왔습니다 (이유)
2019.07.19,국가별 점유율로 본 비트코인 분석
2019.07.19,렙띨아~
2019.07.19,달러의 대체자는 비트코인
2019.07.19,렙틸리언 정치글 그만 올리고 리플 샀으면 리플 관...
2019.07.19,바이낸스 비트 허매도 미쳤다
2019.07.19,제발 부탁인데....
2019.07.18,"개미들이 항상 돈을 잃는 이유, 이것만 알아도 수익..."
2019.07.18,결국 최종구는 이런 인간이였음
2019.07.18,오늘밤 비트 1만달러 가능한 이유 (꽃받침패턴 떴다!)
2019.07.18,뭐든지 쌍봉이뜨면 대피하는게 상책!
2019.07.18,다음중 '직장내 괴롭힘'에 해당하는 것은?
2019.07.16,시장을 크게 보는 안목을 가져
2019.07.16,한번도 경험해보지 못한 최근 결과
2019.07.16,[비트] 16일 오전 07:00~30분대 도달 예정 금액
2019.07.15,일제강점기 전처럼 한국을 침략하려는 야욕
2019.07.15,코인과는 관계 없지만 좋은 소식이네요.
2019.07.15,"안녕, 나 위풍닭닭이야"
2019.07.15,8000$ 보러간다 팔아라
2019.07.15,홀딩만이 답이 아닌것을 17년도에 배워야 했었다.
2019.07.14,재드래곤 대통령 그 자체 아닌가? 솔까 대단합니다.
2019.07.14,[비트] 아직 반절하락
2019.07.14,성폭력 무혐의 처분이지만 무고죄 유죄도 아니다?
2019.07.13,NO JAPAN
2019.07.12,[속보] '트럼프' 비트코인에 대한 입장 번복
2019.07.11,부모님 아직 밥상을 엎어버릴때가 아닙니다
2019.07.10,이재용 부회장이 일본에서 오지 못하는 이유 같습니다.
2019.07.10,머니넷 관리자 분 안 계신가요?
2019.07.10,영화 대부 보셨나요? 아마 지금까지 나온 영화 중 ...
2019.07.10,이 시국에 일본 수출 규제는 더 심각합니다. 우리나...
2019.07.10,한국일보 사설 미일반도체 밀약에 관해서.. 추가 규...
2019.07.09,일본의 속내
2019.07.09,빅쇼트 영화보면 계속해서 작은 신호들이 나타나고 ...
2019.07.09,[뇌피셜] 아베 경제 보복 성공한 듯 보입니다.
2019.07.08,이미 저점을 찍은 이유와 더이상 하락하지 않을 이유
2019.07.08,해외 비트코인 차트분석가 차트 분석 번역
2019.07.08,테더에 대한 불안정성이 너무 커지는거 아닌가 싶다
2019.07.08,국가부도의날 카운트다운 선언합니다
2019.07.08,[비트 이동] 7월 8일자 15시 비트이동 정리
2019.07.08,렙X리언님 일주일을 못가서 또 정치똥글 싸지릅니까?
2019.07.08,아베가 공격 했으면 문통이 가서 막아야하는거 아냐?
2019.07.08,대한민국은 미국에 이어서 전세계에서 인터넷을 연...
2019.07.07,코인시장에서 이렇게 돈 벌어라(2)
2019.07.07,한심한 대댓글
2019.07.05,알트가 안가는 이유. (베스트글 예상)
2019.07.05,나중에 우리도 박상기씨와 문재인씨 고발하면 될까...
2019.07.05,코인시장애서 돈 벌려면 이렇게 해라
2019.07.05,사람보다 개가 먼저냐?
2019.07.04,요즘 들어서 진정한 리더가 필요한 시기라고 생각이...
2019.07.02,코인질은 마약보다 더한 중독이다
2019.07.02,신용카드로 가상화폐 구입 후기(바이낸스)
2019.06.30,베스키라빈스 광고 중단시킨 페미년들
2019.06.30,알트 옥석가르기는 이미 시작됬다고 봅니다.. 조심...
2019.06.29,"G20 오사카 선언 ""가상화폐 취급에 FATF 지침 ..."
2019.06.29,FATF 가이드라인 기술적 한계인정->문제점 보완시사
2019.06.28,업비트 가짜 fake 페이지랑 진짜랑 헷갈리지않게 조...
2019.06.28,형들 나 레벨2됫어
2019.06.28,이게 마피아조폭 아닌가 싶다 ~제로페이!
2019.06.26,리플 헤드앤쇼울더? 재미있는 기사입니다. 지켜보시...
2019.06.26,비트코인 도미넌스는 '목아지' 까지 차 올랐다.
2019.06.26,이번 비트 상승으로 확실하게 알트들이 정리되는 이유
2019.06.25,해외 투자가 계속 해서 늘어난 다는 건 일반인들도 ...
2019.06.25,리플 파트너 활성화 되는 것으로 보입니다. 참조 부...
2019.06.24,"(오늘의 소식_190624) 주요지표, 거래소 소식, 뉴스..."
2019.06.23,앞으로 이 정도는 지켜야 하지 않겠음 ?
2019.06.23,다 필요없고 난 좌파도 우파도 아니지만 문정부가
2019.06.23,렙틸님하 필독
2019.06.22,"리플 CEO ""리플 역사상 최고의 한주, 리브라 ..."
2019.06.22,정치얘기
2019.06.22,정치 애기가 왜 나오나 짚어줄게
2019.06.21,난 랩틸 지지한다
2019.06.21,이더 4차 저점매집 완료....
2019.06.20,두 개의 기사를 비교하면 리플 개떡상의 스멜이 느...
2019.06.20,신고가 접수되어 임시 블라인드 처리가 되었습니다.
2019.06.20,북한에 퍼주고 1300억어치 또 퍼준다.
2019.06.19,[뇌피셜] 리플의 머니그램 호재 발표 타이밍은 리브...
2019.06.18,개인적으로 삼성이 그냥 대통령이라 생각한다. 오케...
2019.06.17,그인간 저격하는 만화.jpg
2019.06.17,근데 이 사람 왜 쉬는지 아는 사람있냐? 오케이? 도...
2019.06.16,대북지원 의미 없는 이유다. 잘 봐라! 팩트다. 오케이?
2019.06.16,다들 축구 보고 있는거냐? 오케이? 지금은 애국자가...
2019.06.15,문재인지지 자들은 ? 코인 사기라면서? 도박이라면...
2019.06.14,문재인 순방일정 조정 u-20축구 결승 관전 예정ㅡ제...
2019.06.13,문재인이 진짜 빨갱이인 이유다. 반박해봐라
2019.06.12,Facebook Libra Project 에 대해서 (펌)
2019.06.12,역대급 아마존 주식을 보면 리플 17만원이 보인다. ...
2019.06.11,중국은 왜 미국과 맞서려고 하는가
2019.06.11,"문정부, 북한에 94억 송금 완료"
2019.06.10,고래의 시장내 기능
2019.06.09,중국 외환보유고
2019.06.08,"밀물이 모든 배를 띄운다""…CCN ""라이트코..."
2019.06.07,<빅픽쳐> 6월 7일 비트코인 견해
2019.06.07,정치 얘기는 어지간하면 안하고 싶지만....
2019.06.06,정권 앞잡이 김제동
2019.06.05,<빅픽쳐> 6월 5일 비트코인 견해
2019.06.05,김제동
2019.06.05,언론을 장악해도.. 결국 터지는군...오케이?
2019.06.04,<빅픽쳐> 6월 4일 비트코인 견해
2019.06.04,애네 둘 차이가 뭘까?
2019.06.03,<빅픽쳐> 6월 3일 비트코인 견해
2019.06.02,트론을 비난하는 자 보세요.
2019.05.31,지금 유튜브에서 악성코드 유포중이라고 합니다 조심
2019.05.31,다음달 투자는 조금 안정적으로 할계획.
2019.05.31,<빅픽쳐> 5월 31일 비트코인 견해
2019.05.30,뇌피셜]글로벌 경제상황을 좀 알면 비트상승이유가 ...
2019.05.30,<빅픽쳐> 5월 30일 비트코인 견해
2019.05.30,이 시장에서 돈 잃는사람들 특징을 정리해봄 필독
2019.05.29,<빅픽쳐> 5월 29일 비트코인 견해
2019.05.29,리플 17만원 - 거래량이 많은 이유다. 오케이?
2019.05.29,중국발 시나리오
2019.05.28,사상독재 논란이 된 인헌고 학생의 집회발언 내용
2019.05.28,<빅픽쳐> 5월 28일 비트코인 개인적인 견해분
2019.05.28,리플 지금 줍줍하거나 털사람들은 홀드해야하는이유
2019.05.27,천만 다행이다....이 나라는 아직 희망이 있다!
2019.05.27,글로벌 금융위기 극복한 명바기 형님.. 솔까 돈을 ...
2019.05.27,미 무역전쟁에서 중국과 일본이 다른점.txt
2019.05.26,견찰의 지하철승객 성추행 조작사건.
2019.05.24,우리나라 아직 정의가 존재하냐? 존경한다. 오케이?
2019.05.22,SNS이벤트로 MNP장전하는 천찐반의 머니넷 육성기!!...
2019.05.22,이런데도 대림동 여경이 잘 한것이고 도왔어야하나?
2019.05.22,리플 17만원 쓰고 있다. 북한 미사일 하나 부탁한다...
2019.05.20,원동강 봐라 꺼지라고 안할게
2019.05.20,관리자님 보세요 [원동강 관련]
2019.05.20,리플 17만원 주장하는 빨갱이는 봐라
2019.05.20,신고가 접수되어 임시 블라인드 처리가 되었습니다.
2019.05.20,머니넷을 하는 이유
2019.05.19,이제 그 때가 오고 있다. 하반기 환율 고공 상승 기...
2019.05.17,관리자님... 원동강 영구추방 부탁드립니다
2019.05.17,업비트 캐리 프로토콜 또 해시드 또 설거지
2019.05.17,"죽고싶다, 오늘 4억5천 깡통찼다."
2019.05.17,님들이 진짜 조정을 못봐서 그럼
2019.05.16,원동강 봐라
2019.05.16,달러야말로 실체가 없는 유령화폐다.
2019.05.14,BTC 기준 리플 11주 연속 하락이다. 오케이? 잘 들...
2019.05.12,"北매체, 정부 대북식량지원 추진에 “인도주의 생색,..."
2019.05.11,알트코인 펌핑 가즈아~!!
2019.05.10,고정관념이란? 언제나 1XRP = 1XRP 오케이?
2019.05.10,비트코인이나 믿는 놈들이 뭘 아냐?
2019.05.08,그냥 나라를 통채로 넘겨라 십앙새야
2019.05.08,불쌍한 한국..경제와 정치가 왜 중요한지 모르면 답...
2019.05.07,오전에 풀 마사지 받고 나왔더니
2019.05.06,기회의 신
2019.05.05,리플이 안 가는 이유 (리플 홀더만 보세요)
2019.05.03,삼성SDS 블록체인은 삼성이 해냈지만.. 나머지는 재...
2019.05.03,살면서 느낀 인생의 진리
2019.05.02,하향 평준의 결과가 슬슬 나온다~
2019.05.02,"소주, 휘발유, 돼지고기 등 서민 물가 오른다. 오케..."
2019.05.01,10시간 전 기사 탈북자 우리나라 정부 못 믿어.. 오...
2019.05.01,안목이 있는 자라면 내글을보고 분노해야한다
2019.05.01,자유게시판은
2019.05.01,소득주도성장 십창나는줄 모르는 등신들 ㅋ
2019.04.30,더불어 민주당 정당해산청구!! 문재앙 탄핵은 애국...
2019.04.30,(펌) 청와대 자유당해산 국민청원 조작현황.jpg
2019.04.28,요즘 유행한다는 젊은 애들의 보험사기 수법(주의)
2019.04.26,"외교부, 베트남 지휘관 연락처 받고 전화조차 안했..."
2019.04.25,김프에 대해 생각해보자~
2019.04.23,욕 한 번 한다. 문재앙 시방새야 오케이?
2019.04.17,"유명 암호화폐 투자자 ""BTC, 제갈길 잘 가고 ..."
2019.04.11,뜬금포 고3 무상교육? 세상에 무상이 있던가?
2019.04.09,비트코인 2022년까지 25만달러 될 것..
2019.04.09,어디에서도 어느포럼에서도 들을 수 없는 시장상황(펌)
2019.04.08,1년동안 앞으로 탈만한 코인 (펌)
2019.04.08,빗썸 가두리가 쉽게 끝나지 않는 이유
2019.04.07,코읍빗아..니네 이제 줫망했어..ㅜㅜ(장문) *펌글)
2019.04.06,"비트의 토요일 하락횡보, 일요일 저녁부터 급격한 ..."
2019.04.05,우리나라 태극기다 장난하냐? 빨갱이 놈들 오케이?
2019.03.20,개인 기진 맥진 / 기관 진입 목전
2019.03.10,"“삼성페이에서 암호화폐 사용?” 삼성페이, 사용자 ..."
2019.03.07,"갤럭시S10, 암호화폐 지갑 있다더니…""대체 어..."
2019.03.06,2016년부터 미세먼지 예측한 허경영 강연.jpg
2019.03.04,강대국 가상화폐로 급전환 / 다급함
2019.03.02,상승장이 돌아온다
2019.02.24,이제 조정은 끝났다.
2019.02.13,*씹Moon 해외사이트 검열/차단? 좆까라고 전해라!
2019.02.11,트론 BTT에어드랍까지 앞으로 2시간 정도 남았나요?
2019.02.09,잘들 지내시고 계시길 !!!
2019.02.05,비트토랜트 BTT 시대가 온다
2019.02.04,코인으로 이만큼 벌고 싶은사람?
2019.02.01,이혼할거면 코인에 돈넣어라
2019.01.26,비트코인 더스트어택(Dust Attack) 조심
2019.01.26,"리플 CEO, 2019년 은행의 암호화폐 위탁 증가"
2019.01.26,가상화폐 관련 뉴스 24
2019.01.26,"""사기꾼 취급 말고 제도권 편입 후 규제해 달..."
2019.01.26,에이다 클래식 스캠 주의!
2019.01.26,"백트, BTC 선물 거래 출시 관련 주요 사항 발표"
2019.01.24,중국보다 위험한 '인도 미세먼지' =막장 대책없음
2019.01.23,안녕하세요. 현재 제주 실종사건 형입니다.
2019.01.20,오늘은 여유로운 주말 보내세요
2019.01.19,네이트판 비트코인글...실화임
2019.01.18,머니넷 운영자 긴장빨아라
2019.01.18,안녕하세요 옆동네 그루트 인사 오지게 박습니다.
2019.01.16,활동다시 해보겠습니다.
2019.01.16,비트코인 고래들 다시 움직이기 시작한다?
2019.01.15,시그널 떴다 ! 오늘 새벽 조심 ~
2019.01.14,와 머니넷 커뮤니티 좋네 ㅋㅋㅋ
2019.01.12,"[美 연준 보고서 ""대량 알트코인, BTC 가격 하..."
2019.01.12,2월에 마운트곡스물량 처분 계획중 ...
2019.01.12,비캐 SV 코베상장 찌라시 ㄷㄷ
2019.01.12,주요 국내 거래소들 이더리움 콘스탄티노플 지원 현황
2019.01.12,오늘도 나는 흑우다
2019.01.12,"한 줄로 읽는 암호화폐 뉴스(Daily Crypto News, 01..."
2019.01.12,트론 지금 떡락이유
2019.01.12,존버는 승리한다? 서클 CEO “비트코인은 더 커질 것”
2019.01.12,이더리움 콘스탄티노플 하드포크 카운트다운
2019.01.11,[긴급] 큰일났다 비트 대량이체 또 됨
2019.01.08,5G 시대의 선두 코인은 바로 트론이다.
2018.12.31,우리나라 방송 수준 부끄럽네요. 이걸 편집이라고
2018.12.29,머니넷에 고한다!!!!!
2018.12.26,은행들 너무 한다
2018.12.25,비트코인 폭락의 원인??
2018.12.25,이더 거래량을 보면 아직 죽은건 아닌듯..
2018.12.25,게거품 물고 쓰러지기 일보직전
2018.12.23,복수의 칼을 갈고 있다
2018.12.21,업비트 사기 기사 가짜 뉴스인 이유 증명
2018.12.19,"내 말이 맞는지 틀린지,"
2018.12.19,(펌) 비트코인 가격 폭락의 실체! (미친 권력자들의...
2018.12.19,행복회로?? 음모론?? 세력간파???
2018.12.16,사람들이 코인 망했다고 말하는 이유.
2018.12.14,위로 와 선동
2018.12.08,리플!!! 오늘내일로 '바이낸스' 상장될거다
2018.12.05,꽃이 지면 양분이 된다. 비트코인 상승
2018.12.04,자기전에 한마디 하고 갈께요~
2018.12.01,머니넷 관리자님께
2018.11.27,한심합니다~
2018.11.25,우리 이렇게 합시다
2018.11.24,리플 22년 13만원 이유
2018.11.23,머니넷 코인(MNC) 올비트(Allbit) 거래소 상장!
2018.11.21,맥점도사♡ 리플 분석440원
2018.11.19,리플에 대해서 잘 모르시는분들을 위해 적어봅니다
2018.11.09,이것들이 잘~논다
2018.11.08,기미가 보이는 국내 ico합법화! <11월 8일 떡상...
2018.11.06,리플에
2018.11.06,슬슬 느낌 조아요
2018.11.06,머니넷 회원들이 고쳐야할점 꼭 보세여
2018.11.06,리플이 오르는 이유 간략정리
2018.11.04,자자 준비합시다
2018.11.02,조만간 이더리움 2.0 나올듯
2018.11.01,"자기전,, 한마디 불장은 다시금 옵니다."
2018.11.01,머니넷 하면서 변한 점
2018.11.01,[바보쿠우] 2018년 11월 1일 비트코인 차트 분석
2018.10.30,대 떡상론 예상해봅니다.
2018.10.29,[펌] 좋은글인거 같아서 퍼왔습니다. 대한민국은 성...
2018.10.25,[중요] 머니넷코인(MNC) 상장 재개 안내
2018.10.23,작년 불장 기대하고...
2018.10.22,코인제스트 가입과 입출금 관련 안내
2018.10.22,머니넷 이벤트 총정리 해볼게요 빠른레벨업+포인트...
2018.10.18,머니넷 로드맵 털어봤습니다
2018.10.16,에이팟 선동에 대해 한마디 해봅니다
2018.10.15,비트 상승이유
2018.10.09,머니넷 컨텐츠 공유 이벤 당첨 ^^
2018.10.06,마지막 충고
2018.10.01,♡필독♡리플
2018.09.28,[생]BJ코구리 9월28일 오늘의 핫뉴스&코인소식 ...
2018.09.27,[생]BJ코구리 9월26일 뜨거웠던 뉴스&선동으로 ...
2018.09.26,존버의 방법 (필독)
2018.09.25,리플
2018.09.23,[코인이 알고싶다] 리플이 상승하면 같이 뜨는 코인...
2018.09.22,"MNC코인에 1,2,3차 모두 투자한 이유 / 1억이나?"
2018.09.21,코치닐의 암호화폐 칼럼 ---일본의 가상화폐 거래소...
2018.09.21,리플 대폭등 호재 정리
2018.09.20,1억 투자.....
2018.09.20,새로운 패러다임의 암호화폐 금융생태계를 조성- 데...
2018.09.19,머니넷(MNC) 에 투자한 이유
2018.09.18,[이벤트] 머니넷 SNS공식계정 팔로우하고 최대 1500...
2018.09.19,2018년 리플 스웰 폭등
2018.09.18,리플이 오르는 이유
2018.09.17,참고하세요 (필독)
2018.09.17,뉴스 링크걸어주시는 회원님들께
2018.09.13,머니넷 월튼체인과 서브체인 계약체결!!!
2018.09.07,저에 투자의 삶
2018.09.06,바닥에 거의 다 왔습니다 (펌)
2018.09.06,그래도 내가 희망을 가지고 있는 이유.txt
2018.09.05,"머니넷코인(MNC), 국내 거래소 상장 확정!!!"
2018.09.04,글 한번 봤으면 그래도 예의상 좋아요하나씩은
2018.08.29,EOS 급등의 이유 (재야 초보의 견해)
2018.08.29,여러분 좋아요눌러도 포인트안준다고 너무 짜진거같...
2018.08.28,<필독> 비트코인과 금의 비교
2018.08.27,연말 이오스 가격 기대됩니다.
2018.08.27,머니넷 바운티 헌터가 돼서 머니넷 코인 받아가세요~!!
2018.08.27,최근 엄청 뜨는 유틸리티 ICO 개인별 비교 분석
2018.08.27,지쳐도 존버해야 하는이유(5년차코인러펌)
2018.08.25,머니넷 ICO 자주묻는질문 TOP10 정리해봤어요!!! ^^
2018.08.24,악성글 자제좀 합시다!!
2018.08.23,지금 한국 온갖 커뮤니티등에서
2018.08.23,기관 들어와도 지금 들어와 있는 개인은 좋다고 봅니다
2018.08.22,2018 가상화폐 예상가격
2018.08.22,ETF관련 개인적견해
2018.08.22,정부가 드디어 미쳐가나요??(펌)
2018.08.22,4000이 300됐는데...
2018.08.22,무한 반복 댓글 안됩니다!
2018.08.22,출석체크라도 만들어주세요.
2018.08.22,"미 SEC, 목요일에 더는 미룰 수 없는 ETF 심사결과 ..."
2018.08.22,EFT에 대한 불안감..
2018.08.22,사람들 엄청 많아졌네요~
2018.08.22,머니넷 레벨별 필요포인트 정리
2018.08.21,지금 머니넷 포인트 총합은 얼마나 될까?
2018.08.21,5일남았어요 머니넷 ico 20%짜리
2018.08.21,무릎에 사서 어깨에 팔아라
2018.08.21,머니넷 수익창출하는 방법이 좋네요
2018.08.21,머니넷으로 월 500받는 사람 무조건 생길듯
2018.08.21,이번에 머니넷 ICO 투자자 분들께 도움을 드리고자 ...
2018.08.21,코인 투자를 중단해야하나?
2018.08.21,투자 시장을 이해합시다 (3)
2018.08.21,어제 가입했는데 레벨 9 떡상!! 머니넷 상장 후 가...
2018.08.21,투자 시장을 이해합시다 (2)
2018.08.21,2018년 리플 10달러 간다고 합니다
2018.08.21,오늘도 빠졌지만 희망을 잃지말고 힘내세요
2018.08.21,"시금치, 배추나 사다 팔걸 그랬네요 ㅎㅎ 젠장"
2018.08.21,안 봐도 되는 8월 21일 코인스케줄..
2018.08.21,"정부 ""암호화폐거래소 보안수준 취약 여전"""
2018.08.20,위험한 벌집 계좌 원화 입출금
2018.08.20,"코인베이스, 비트코인 보안 결제 시스템 특허 취득"
2018.08.20,축구끝낫네요
2018.08.20,XRP가 다른 알트코인 및 심지어 비트코인 보다 나은...
2018.08.20,비코 ETF는 모두가 승인 거절이라고 하는데...
2018.08.20,비트코인 2017년
2018.08.20,이거 보는 사람들은 다 공감 ㅎㅎ
2018.08.20,관리자님 ~ 문의
2018.08.20,태풍이라
2018.08.20,좋아요 눌러도 누른사람 이제 포인트 안주네용..
2018.08.20,가상화폐 과세 어려운 이유
2018.08.20,"오케이코인에 로그인했더니, 464,426원이 들어와있..."
2018.08.20,손흥민 영입노리는 구단이 있네요
2018.08.20,"가상화폐 :: 기관투자자, 비트코인에 투자할 수밖에..."
2018.08.20,슬슬 거래소 물 마르고있죠
2018.08.20,왜 힐링하려고 축구를봤는데
2018.08.20,진짜 크게 한방먹고 빨리 코인시장 접고싶어요..
2018.08.20,이오스 게임이 있네요?
2018.08.20,현재 레벨 올리는 가장 효율적인 방법
2018.08.20,다들 잡거래소 펌핑 보며 소외 된다는분 많으실거 ...
2018.08.20,투자 시장을 이해합시다 (1)
2018.08.20,머니넷 회원님들~~
2018.08.20,중복 예상이지만 서버점검한데요
2018.08.20,좋아요를 눌러도 3포인트를 준답니다!
2018.08.20,레벨 1 만드려면 댓글 5개가 아니라
2018.08.20,짧게 읽는 코인 뉴스
2018.08.20,8/20 이오스 차트 분석
2018.08.20,에어블록
2018.08.20,암호화폐 신용등급 평가기준 공개
2018.08.20,"한국M&A센터, 이더리움 잔고만 확인되면 ICO투자"
2018.08.20,레벨 업!! 오늘 가입했는데 7레벨이 되었네요
2018.08.20,"ETF에 도전장 던진 ETN, 결과는?"
2018.08.20,수익내서 인증게시판에 기분좋게 인증 남기거 싶네여..
2018.08.20,레벨이 올리기힘들다고 포기하시면 안돼요
2018.08.20,오늘은즐거울지라도..
2018.08.20,레드 떡상때 기회를 ㅠ
2018.08.20,여러분 9시에 아시안게임 대한민국 축구합니다~
2018.08.20,(대박) 오오 드디어 머니넷 수익 구조 글 ICO 게시...
2018.08.20,문득 드는 생각인데 ETF 는 그냥 재료가아닐까요
2018.08.20,연말 비트 과연 1만 5천까지 갈까여..
2018.08.20,Exodus wallet에 리플 추가
2018.08.20,비트코인 ETF 심사일정
2018.08.20,이번 ETF 승인시 or 거절시
2018.08.20,참으로 힘든 시기입니다.
2018.08.20,ico 참여해보려는데 로그인관련 제가 아는거 말씀드...
2018.08.20,머니넷 ico 보너스에 대해
2018.08.20,앞으로 전망 조은 알트코인 추천점..
2018.08.20,캐셔레스트 서버가 터질려고 해요 ㅋㅋ
2018.08.20,가슴아픈짤...
2018.08.20,레벨업
2018.08.20,하락
2018.08.20,메디 1+1
2018.08.20,시장 참 대단하다 ㅠㅠ
2018.08.20,머니넷참여하기 누르니
2018.08.20,워마드의 하버드 대학 인증
2018.08.20,미끼를 물어분것이여..
2018.08.20,북한 여자축구의 위엄
2018.08.20,또 슬슬 내리나요?
2018.08.20,머니넷 코인
2018.08.20,"미국 국경 보호국, 인증서 추적을 위한 블록체인 기..."
2018.08.20,"시카고 상품 거래소의 협력사, 비트코인 캐시 선물 ..."
2018.08.20,퀀텀 갈때 않되었나요?
2018.08.20,지금 세계에서 가장 중요한 10 가지
2018.08.20,머니넷때문에...
2018.08.20,앞으로 다가 오는 중요한 ETF 4가지
2018.08.20,레벨 랭킹 1 등은 레벨 몇이실까요...?
2018.08.20,리플~~~2천원 가아자
2018.08.20,포인트 획득 방법 가운데 추천해 줘도 포인트 얻을...
2018.08.20,머니넷은 떡상하는거 같은데....
2018.08.20,고수분들도많은데 초보분들많은것같아서 글남겨요 ;;
2018.08.20,공지를 통해 레벨별 점수와 레벨에 따른 차이 정도는
2018.08.20,머니넷 회원분들 대박나세요
2018.08.20,머니넷 ICO 참여하고 싶어요!- Part1. 개인지갑 만들기
2018.08.20,에브리피디아도 보상형 컨셉으로 밀고 나가네요
2018.08.20,포인트 별 레벨과 레벨별 무슨 대우를 받을수 있나요?
2018.08.20,머니넷 이 분위기 그대로 간다면 대박나겠네요ㅋㅋㅋ
2018.08.20,비트코인 예상대로 내려가네요.ㅠ
2018.08.20,이오스야~
2018.08.20,근데말예여...기존회원님들 반성을 좀 하셔야..ㅋㅋ
2018.08.20,머니넷코인이란?
2018.08.20,레벨 2에서 4 됐는데 5 되려면 언제쯤 되려나요?
2018.08.20,5레벨은 포인트가 얼마나 모아야 되나요?
2018.08.20,싫어요
2018.08.20,가두리 양식장 3대 거래소
2018.08.20,이정도면 댓글 요정?
2018.08.20,머니넷 신규 유저분들께 도움이 되었으면 합니다
2018.08.20,지금 가입 하신 여러분 꿀팁을 알려드리겠습니다! ...
2018.08.20,아 오늘 머니넷 재밌네요
2018.08.20,혹시 리플 투자하시는 분 계시나요?
2018.08.20,머니넷 포인트ㅋ
2018.08.20,이것들이!
2018.08.20,좋은 기사 하나만 퍼와도 좋아요 쭉쭉인데..
2018.08.20,레벨3이라 안타깝네요 ㅜㅜ
2018.08.20,레드코인 레드아이디 출시관련 오늘 오전 트윗입니다.
2018.08.20,레벨올리기 꿀팁은 ㅋ제가 느낀바.
2018.08.20,머니넷 포인트도 좋지만
2018.08.20,"[호재]바른미래당 정병국 의원, 4차산업 혁명시대 ..."
2018.08.20,"빗썸이 업비티보다 거래량이 더 괸찮은거 같은데.,"
2018.08.20,가상화폐의 미래
2018.08.20,근데 오늘 가입하셧는데
2018.08.20,댓글 많이 달리니까 기분 조타.
2018.08.20,밥먹고 오니 에이다2원 내려갔어요 ㅠ
2018.08.20,머니넷 폭풍 성장기원하며~~
2018.08.20,으아아 유입이 많아지긴 했나봐요
2018.08.20,머니넷 포인트 이벤트 총 포인트 얼마나 예상될까요?
2018.08.20,머니넷 레벨5되려면 필요한 포인트
2018.08.20,맛점요정의 맛점시간입니다.
2018.08.20,거래소 자체 코인이 좀 많네요
2018.08.20,"일본 기업 : 공공 기업, 새로운 광업 계획, 교환, ..."
2018.08.20,거래소 가두리가 끝나야 뭐...
2018.08.20,조선TV 올댓코인 방송 로얄코인 분석
2018.08.20,와 머니넷 ICO위력인가요
2018.08.20,남은 ETF정리
2018.08.20,온톨이 왜 저래유..
2018.08.20,8/20(월) 비트코인 알트코인 오전 호재 악재 브리핑
2018.08.20,계속 6300~6600에서 밑도네요
2018.08.20,좋아요를 눌러도 +3 포인트를 받을수 있어요
2018.08.20,비트코인으로 무언가를 해보신분있나요?
2018.08.20,"지난밤 글로벌 암호화폐 뉴스 요약, 알고가자!"
2018.08.20,암호화폐(가상화폐) 8월 20일 오전 뉴스 브리핑!
2018.08.20,머니넷 ico 참여했네요
2018.08.20,ico 가입이 너무 어럽고 되지도 않네요
2018.08.20,머니넷 입성한지 1년
2018.08.20,남은 etf들
2018.08.20,'미스터 선샤인' 보면서 한국에 대해 다시 생각해보...
2018.08.20,8월 20일 코인스케줄~
2018.08.20,2020년에 예정된 비트코인 반감기는 비트코인의 대...
2018.08.20,"급락 멈춘 암호화폐 시세…반등준비냐, 하락장 숨고..."
2018.08.20,리플이 요즘 심상치가 않네요..ㅎㅎ
2018.08.20,리플 2천원되면 정말 거짓없이
2018.08.20,레벨1되려면 몇 포인트 필요한지 궁금하신분들
2018.08.20,"비트코인이 2020년까지 3,000 USD로 하락하는 이유"
2018.08.20,저는 담궜는데 ico 참여하신분들있나요?
2018.08.20,저점놀이 끝!! 이제 월요일 떡상가즈아!
2018.08.20,아침이 걱정되네요
2018.08.20,포인트올리는것도 좋지만 도배하시면
2018.08.20,코인별 최고점 대비 하락율.jpg
2018.08.20,또 빠지네
2018.08.20,흑우 vs 세력
2018.08.20,소소하지만... 수익인증
2018.08.19,다시 리플 매수했습니다ㅎㅎ
2018.08.19,좋아요를 눌러도 포인트를 주네요
2018.08.19,10분 남았네요 ㅎㅎㅎ
2018.08.19,비트호재기사하나
2018.08.19,리플이 심상치 않네요.
2018.08.19,슬슬 오르나요?
2018.08.19,"ico 참여하기전, 지갑전송,ico투자금전송방법에대해"
2018.08.19,이클 탄력 받아 갈 수 있을까요???
2018.08.19,오 좋아요를 눌러도 3점오르네요..????포인트
2018.08.19,코인베이스 가입자 하루 5만명?
2018.08.19,ㅎㅎㅎㅎ슬프네요..
2018.08.19,머니넷 코인 10억원 어치받기 vs 현금 10억받기
2018.08.19,비트코인 etn해외 돌풍
2018.08.19,"IBM, 자금세탁 방지에 블록체인 활용한다"
2018.08.19,"코인베이스 CEO, ‘향후 3-5년 사이에 경제 위기 닥..."
2018.08.19,역대 최대 규모 ICO는 '40억 달러의 EOS'
2018.08.19,연말 비트코인가격 1만5천달러 찍는다고합니다
2018.08.19,암호화폐가격 하락원인 나왔네요
2018.08.19,국제정세로 보는 비트코인 흐름
2018.08.19,머니넷 관리자님께
2018.08.19,업비트 투표하시죠 (클릭 ㄱㄱ)
2018.08.19,다 망할거 같고 횡보 지겹고 주위에서 욕만하죠?
2018.08.19,원화입금되는 거래소 목록
2018.08.19,신고가 접수되어 임시 블라인드 처리가 되었습니다.
2018.08.19,포인트올리기 가장쉬운방법은..제 경험상..
2018.08.19,개미도 마찬가지고 거래소도 마찬가지다.
2018.08.19,우연일지도 모를 투자 3년차의 심심한 뇌피셜...
2018.08.19,내가 만약 노스트라다무스였다면..
2018.08.19,좋아요
2018.08.19,가즈아 ᆢ그시절로 돌아갈래?
2018.08.19,주목해야할 저점코인
2018.08.19,캐셔 현시간 상황이요
2018.08.19,점진적 우상향
2018.08.18,진짜 드디어 머니넷 본격 시작이네요
2018.08.18,머니넷 가치는 어디까지일까요?
2018.08.18,여러분께 한가지 제안드립니다.
2018.08.18,오오오 이벤트라~~~ 좋아요좀 받아야겠네
2018.08.18,머니넷 지금 레벨+포인트관련
2018.08.18,밋업 후기
2018.08.18,지금코인 매수 타임
2018.08.18,오랜만에들어왔는데..
2018.08.18,머니넷이 활발해지겠네요
2018.08.18,뜬다.. 드디어 머니넷이 뜬다
2018.08.18,포인트 이벤트때문에 더 활발해지겠네요
2018.08.18,머니넷 포인트 올리세요
2018.08.18,오 좋아요를 눌러도 포인트를 쪼금 주네요??
2018.08.18,이제부터 글좀 써봐야겠다 ㅋㅋ점수 젤많이주는게뭐...
2018.08.18,오랜만에 수익 달성했어요!
2018.08.16,머니넷 회원님들
2018.08.16,가상화폐에 대한 생각을 바꿔봐야겠어요
2018.08.09,내인생 최대 수익률
2018.08.07,금소원이 쎄게 나오네요
2018.08.07,오 머니넷 코인나와요??
2018.08.07,빗썸이 망해야하는 이유 (펌 반말주의)
2018.07.27,[분노주의] 아우디 역주행녀 사망사건 + 보배드림에...
2018.07.25,리플 2천원이상 존버하고계신분들
